word,x_values,y_values,count
iphone,6.1859283,-0.71517575,1592
after,0.7004804,0.01687923,21
tweeting,1.4069862,0.02491141,28
rise,0.53716445,0.0665903,11
austin,5.404638,-2.7799194,973
dead,1.1408117,-0.03463321,18
need,4.858425,0.2183946,238
upgrade,0.66793156,-0.017148105,13
station,0.7418478,0.029488398,12
sxsw,5.182929,-0.33454138,9636
know,3.7847843,-1.0710065,200
awesome,3.89236,-0.39410532,135
ipad,5.628544,-2.0864809,3004
likely,0.51415265,0.047746506,13
design,4.5907183,-0.37114143,143
also,3.8142216,-0.13511081,79
giving,2.7026274,-0.3614472,71
free,4.9515123,-1.0138224,388
wait,2.5358865,-0.5689416,77
they,3.6398365,-0.23741251,67
sale,1.5014151,-0.3142238,47
hope,2.29063,-0.30036607,55
year,4.818149,0.041119065,168
festival,1.276005,-0.20507284,32
great,5.1447496,-0.34807214,222
stuff,1.4171056,-0.106774814,36
marissa,4.0324755,2.0535283,185
mayer,4.754262,2.2865226,211
google,6.1251025,4.62246,2653
tech,3.8490999,-0.25987235,167
book,2.3535733,-0.15719688,40
conference,2.30808,-0.24623847,73
matt,1.0163462,-0.019360265,12
apps,4.8992324,0.23169653,226
communication,1.3835549,-0.034888066,22
showcased,1.2708516,-0.016759837,20
http,1.4092085,-0.019789437,29
edchat,1.8153324,0.104140155,37
starting,1.7565962,0.016365001,33
around,3.933733,-0.48286077,131
corner,0.8068897,-0.20019372,14
good,4.918339,0.2701558,177
time,5.313656,-0.4151061,306
android,5.6492634,-0.19212662,598
smart,2.5055218,-0.57804525,63
simple,0.55213475,-0.038515072,10
idea,2.1878545,0.0809919,49
wrote,0.6189256,0.0132482145,12
hollergram,1.0074785,-0.07981046,32
day,2.3278658,-0.40498576,51
plus,1.1629627,0.0033297797,20
mean,1.8812823,-0.028961463,30
stock,0.75090206,-0.2740174,22
apple,6.3214827,-4.05289,2342
excited,1.5343893,0.18999869,44
meet,2.7757807,-0.11342613,64
show,4.6244054,-0.26217347,140
galaxy,0.21142742,0.001761242,11
still,3.4646502,-0.99924594,107
running,0.9421762,-0.17533684,18
fail,1.5894825,0.087782286,38
find,3.0702727,0.0012539556,89
start,2.5444393,-0.12457006,49
party,5.292105,0.47743788,401
with,2.8649209,0.35065883,62
come,4.449355,-0.99572945,229
foursquare,2.6503844,0.04828383,52
game,4.965853,0.34812307,158
best,4.810502,-0.45663753,146
looking,3.0192158,0.058043767,80
gotta,0.59756565,-0.039784297,18
love,3.6768284,-0.8364395,146
calendar,1.2091161,0.03069602,20
featuring,0.38578644,-0.045266014,10
case,4.130867,-0.39872035,122
check,4.527351,0.06924383,266
haha,0.6916407,0.034650408,23
holler,0.9698318,-0.14918554,22
gram,0.835447,-0.2141702,22
itunes,2.807681,-0.6180373,98
store,5.7310925,-4.0701084,1528
coming,3.078744,0.3369319,104
weekend,1.8300459,-0.3146125,44
many,3.1398036,-0.25705668,78
user,4.642068,0.3882246,156
hour,3.7464867,-0.66081125,89
late,1.3976325,-0.022387315,31
sunday,0.48369527,-0.04132965,11
morning,1.4621824,-0.18592627,43
just,5.0830727,-0.5728964,213
added,0.712766,-0.029126432,18
flight,1.5658327,-0.14833994,25
people,5.0020614,-0.66255593,231
plane,1.020525,-0.08720362,18
airport,1.1128002,-0.031494826,21
downloaded,0.5023069,-0.028158192,11
done,1.0125605,-0.038992688,21
must,2.2470157,-0.15591492,50
review,1.6926295,0.07847396,28
sure,2.5322728,-0.18150666,64
event,3.777,0.20837425,110
website,1.8556795,0.34223336,42
really,3.8358605,0.13872948,111
photo,2.742437,-0.10682087,109
nice,2.976099,-0.3332228,82
enjoying,0.9400107,-0.1443384,18
change,1.3717033,-0.03767732,21
gowalla,1.6003852,-0.16850553,41
forward,1.3090647,0.021360107,32
seeing,1.2817,-0.04347291,28
else,2.0949802,0.5772295,59
hoping,0.42011487,-0.09283983,11
someone,2.8425188,-0.3348112,67
started,1.1577004,-0.06394147,25
group,2.5450072,0.081194796,51
look,3.6708517,-0.32448977,152
like,5.619352,-0.3629896,308
going,4.220844,-0.30095094,220
rock,2.294239,0.02907189,46
update,2.8858461,0.18725264,92
push,0.6952542,0.02961743,14
tonight,3.1697187,0.19701257,89
right,4.502643,-0.15066674,121
team,3.427048,-0.15118666,104
very,1.973485,-0.21411116,46
leave,0.68313086,-0.18082339,15
home,1.9449204,-0.16909172,36
register,1.2084363,0.06934627,26
link,4.849925,0.41402674,4305
anyone,2.9702718,-0.8353843,118
want,4.483144,-0.45478278,177
sell,2.4415011,-1.0452847,67
bought,1.1523979,-0.4836824,36
launch,4.5564632,2.3749013,683
major,6.0245743,4.171563,297
social,6.484338,4.988049,663
network,6.52051,5.0427027,468
called,6.581707,4.5770397,354
circle,6.3153653,4.9353404,685
possibly,5.203817,3.9169772,237
today,5.115217,3.1537116,577
first,3.8428423,-0.6137467,168
line,4.7309084,-2.8114111,450
quot,5.064021,1.9110909,1696
spin,0.27305767,-0.025429662,10
play,1.8685069,0.1139456,38
concept,0.5373973,0.07039784,14
music,4.3624516,-0.5648597,150
discovery,1.7446618,0.25914294,31
false,-0.081115894,0.25980404,10
alarm,0.59107953,0.32061088,17
probably,1.3417604,0.32876557,36
ever,2.5945382,-0.28515777,78
force,0.35101625,-0.10091255,10
print,0.9571113,-0.016309835,13
medium,2.6068308,1.0123572,64
night,3.4738934,-0.4629288,70
putting,0.13375774,-0.09394857,13
flash,0.88151026,-0.12292247,19
downtown,3.8919942,-2.6315417,224
hootsuite,1.5103742,0.27862272,46
mobile,4.8509808,1.1398852,350
blackberry,2.4847581,-0.16118215,98
getting,2.7323093,-0.094922885,81
friend,3.7886493,-0.16702186,90
long,2.4048078,-1.0183938,75
think,4.333058,0.30313152,175
take,3.2588603,-0.070017986,108
make,4.8923616,-0.24194899,177
answer,0.5347216,0.00093519,12
using,4.071381,-0.07101241,115
zazzlesxsw,0.48118195,-0.090991125,25
mashable,1.3519498,-0.38244092,49
over,0.4406024,-0.0508557,37
video,4.1877885,-0.04798805,136
gadget,1.4082009,-0.14978594,30
ubersocial,1.7572095,-1.2582711,69
includes,2.1514494,-1.4455273,69
uberguide,2.1886597,-1.2444662,69
sponsored,2.071637,-0.7532877,54
open,4.6673326,-3.2410781,255
access,2.2012007,0.25681004,36
waited,0.2627568,-0.0768671,11
hand,2.885014,-0.15029563,54
opening,4.116082,-3.2139797,256
midnight,0.060141284,-0.29348904,13
say,4.3928905,0.648564,114
publishing,1.1403657,0.07251337,15
platform,3.2563586,0.35832658,72
help,3.2881188,-0.2532162,64
this,3.6989374,0.017822817,118
account,0.79991126,-0.079094104,12
what,3.4132001,-0.058734283,127
musedchat,1.6788459,0.13422185,34
sxswi,4.595908,0.39537928,341
classical,1.0569106,0.15520978,31
newtwitter,0.70166886,0.110969335,33
location,4.0892673,0.81704503,147
based,3.034126,0.28911087,59
fast,3.1741476,0.31308684,74
future,2.8510299,0.5658943,102
will,2.4300325,1.2055548,83
connect,1.4855732,0.8056054,45
digital,3.7874613,0.7667425,89
physical,2.1472735,0.46033043,47
world,3.504762,0.27907428,92
through,0.5824997,0.21855214,30
talking,1.8533336,0.1744587,39
system,1.6436284,0.011174241,19
tweet,4.608675,0.44051552,138
speak,1.6707681,0.35480475,41
mark,0.6668815,0.19485526,23
belinsky,0.5164154,0.2546615,26
panel,4.696232,0.3055144,159
stop,2.4864764,-0.118536994,56
chance,1.5813531,-0.11732805,37
kawasaki,1.4314107,-0.08216015,22
talk,4.7479424,0.14132546,144
internet,1.1465845,-0.104527496,31
search,4.5377936,1.2929991,155
heard,2.2571597,-1.0106102,95
pic,1.5893908,-0.37344128,33
already,2.9720652,-0.636095,74
would,4.3270845,-0.39578053,126
interesting,2.2190232,0.8900378,72
actually,0.8529004,-0.12929627,27
agree,0.8090141,-0.034703624,16
town,1.3625532,-0.19340596,29
album,0.45315465,-0.03367876,15
wanna,0.7496309,-0.11664154,26
drink,1.836351,-0.121623926,44
join,3.0366786,0.26076242,66
attending,0.8685789,-0.17120028,31
headache,0.82700276,-0.11255106,33
flipboard,2.6102545,0.067820184,60
developing,0.20370853,0.06008091,11
version,1.5948248,0.06953439,41
power,2.3992598,0.025288278,43
value,1.3529345,-0.011555398,20
service,2.6071777,0.8522029,67
pnid,0.580742,0.0010172937,18
stand,0.75468683,-0.0533261,15
blogger,1.3700342,0.068276785,23
shirt,1.0924181,-0.033124037,20
band,1.9123936,0.027958516,44
food,2.025469,-0.004568564,41
cream,0.5557625,0.0914711,14
interactive,2.495532,0.23107794,71
map,4.463966,1.802102,221
groupon,0.83241445,0.5860194,22
reward,1.3943577,0.5247575,41
type,1.2493213,0.5181983,29
news,3.8398173,0.8323524,171
traffic,2.0912848,-0.039159186,42
site,2.5623534,0.3270346,49
doubt,0.1871127,0.106726564,11
last,4.242194,-0.26817855,125
weird,0.7335949,-0.054495126,14
name,1.0621797,0.05390846,18
phone,4.255665,-0.09772616,127
droid,0.67630744,-0.066929534,22
laptop,3.6371305,-0.15855281,68
follow,2.4159334,-0.1882074,48
launching,2.4878438,2.3671007,108
denies,-0.16729064,0.362558,11
debut,0.11711228,0.13595395,11
report,1.2731766,0.04163256,38
post,2.594264,0.053827155,65
easy,1.1171943,0.026845284,18
yesterday,0.9955001,-0.04298179,27
popup,4.021139,-3.3320844,211
fan,0.42757985,-0.10163526,15
space,1.8021113,0.026470225,28
tomorrow,2.335045,-0.6791918,72
thing,4.1684084,-0.27175876,128
earth,1.3028536,-0.0030127785,18
face,0.24562526,0.06592417,13
company,3.4254112,0.020483365,64
stay,0.9933256,0.038785018,25
showcase,0.23799717,-0.03677712,11
ckers,0.93872094,0.2307251,23
thank,1.4349042,-0.18099792,33
touchingstories,1.3414526,-0.058749773,31
here,1.6498979,0.04913365,53
thanks,3.9279268,-0.13250658,141
trying,2.0742202,-0.0811218,43
contact,1.14705,-0.03592997,18
japan,4.838406,-0.048724957,116
created,0.5586972,-0.00492203,12
person,2.0874326,-0.24394937,51
finder,0.3817452,-0.0022504537,11
mention,0.69852597,-0.15928717,14
speech,1.1218026,-0.069048256,23
conf,0.5259778,-0.09020122,14
sxswh,0.60298324,0.03287559,18
blog,1.9829104,-0.020898387,44
charger,2.3631866,-0.2752153,58
changed,0.36409444,0.016809387,11
mind,1.4277917,0.0015819295,20
next,4.4484897,-0.068302475,151
wonder,1.7918705,-0.077900596,47
tip,0.4595797,0.0009964922,13
shiny,0.21787144,0.00048128256,12
nerd,1.65998,-0.10480446,47
cont,1.067198,-0.27145118,41
another,1.3095381,0.39686367,52
local,1.4821057,0.17194365,34
industry,1.4195001,0.03659984,39
gsdm,2.7338421,0.22770488,68
buzz,1.3858194,0.44910336,38
have,1.8929012,-0.07253616,39
could,3.1885371,0.20674789,83
seen,2.3840868,-0.1591219,55
opened,0.5146365,-0.5047639,24
ipads,3.1603627,-1.204054,89
launched,1.211399,0.49523777,39
checkins,1.1106571,0.086533695,31
month,1.8165821,0.052251797,31
bizzy,-0.14953658,0.020900935,14
left,2.1305025,-0.13627781,55
brain,1.1920735,0.42186657,42
bettersearch,0.17673336,0.10518911,15
engine,1.471906,0.23964038,22
content,3.182453,-0.032374244,52
existence,0.8303128,-0.002891258,14
saved,0.8034956,-0.06274171,18
enchantment,1.1389525,-0.011517753,26
award,1.1347979,-0.011248429,30
read,1.3753465,0.07960247,33
thought,1.8004452,-0.008554009,40
earthquake,1.7475846,0.047628246,29
tsunami,0.66759396,-0.026511276,13
school,1.567107,-0.3319398,45
marketing,2.402535,-0.33509937,68
expert,1.1162882,-0.15902044,37
cnet,0.67333037,0.15232457,25
temporary,4.5787888,-2.9783075,265
congress,2.727902,-1.8294365,103
happy,2.2336907,-0.08789318,46
hipster,1.9085582,-0.11854193,34
win,2.3520195,-0.71379393,84
support,0.77220905,-0.1005986,15
that,2.4785094,-0.1862564,56
headed,0.3226581,-0.0800216,15
enjoy,0.8116931,-0.1305246,22
funny,1.1913277,-0.05261363,26
only,1.0730394,-0.12896311,27
matter,0.6977418,0.08836888,13
minute,1.6468554,-0.2731265,34
point,1.7071334,0.073850475,27
least,0.90018564,-0.019112103,22
twitter,4.0125227,0.3791093,100
devs,0.591656,-0.08044573,13
maybe,1.2035002,0.22042438,34
together,0.8794127,0.000891867,18
cool,3.8844821,-0.8371653,151
uxdes,1.1203747,-0.039649133,40
remember,0.53428966,-0.035108205,11
audience,1.4582657,0.057820342,24
experience,2.906468,-0.010082038,41
part,1.4605072,0.05250495,20
waiting,1.7115909,-0.64821047,53
mine,0.6510124,-0.030175626,13
download,3.0001338,-0.51500285,113
doe,0.801529,-0.013874214,27
place,3.4000404,0.12334022,72
seo,0.96612793,0.14386624,17
samsung,0.8139383,-0.076521136,22
atx,0.44638863,-0.18076313,18
south,1.3039155,0.07817176,32
get,2.4458222,-0.3570143,62
movie,0.39234495,-0.061049663,12
amazing,2.2280784,-0.05307697,43
focus,1.0195048,-0.016607892,15
chat,0.6685953,0.08582187,18
share,2.0779965,-0.015800942,45
info,2.6056643,-0.092260264,49
turn,1.8596127,-0.22056223,35
business,2.7089615,0.033951536,49
card,2.7362645,-0.14487962,46
sold,1.8385577,-0.5221181,48
model,1.0659391,-0.07639244,19
beta,1.4303324,-0.031670574,25
testing,0.5901852,0.01574958,14
away,3.3169916,-0.24370107,81
wifi,1.7488954,-0.21454458,39
black,0.71463704,-0.0590889,16
cover,0.57270527,-0.07519872,11
house,1.7313046,0.043548115,29
wondering,0.74658686,-0.06480271,20
worth,1.1326133,-0.0056385486,18
convention,1.6367152,-0.10923226,48
center,1.3342769,0.057524167,44
everything,1.6665381,-0.057298712,33
except,1.0116487,-0.14483374,21
white,2.9088173,-0.39361745,61
promo,0.6620544,-0.050327223,11
suck,0.6286222,0.060652822,17
film,1.4460288,-0.11896143,22
selling,0.9657053,-0.51602703,32
poursite,0.422507,0.036875978,12
learning,0.6597565,0.018409703,17
life,2.599725,-0.0042298455,48
impact,0.63175964,0.031379938,12
real,1.741545,0.17719343,34
guide,1.3614848,-0.517954,51
limited,0.24644525,-0.24965303,13
travel,0.52253646,-0.14069231,23
more,1.6635935,0.021697668,33
heading,1.522462,-0.28649205,52
aclu,0.85247314,0.50984234,35
walk,0.5670114,-0.09581298,14
tool,2.3710694,0.20817114,35
tradeshow,0.56978214,0.0014633628,13
demo,2.192008,0.111002944,58
realtime,0.33977884,0.14134337,12
listening,1.6862668,0.11090733,34
pick,1.1893939,-0.101454094,22
grab,1.2625932,-0.09964422,29
quick,0.7464734,-0.1006281,12
barry,1.0337158,-0.062151734,24
diller,1.3098828,0.0018833277,36
lunch,0.72769266,-0.20035873,14
hotel,0.9878775,-0.12560439,16
seriously,0.3739386,0.04634417,11
lost,1.8251377,-0.14332134,37
schedule,1.4333732,0.018793745,33
ready,2.5949693,0.10063345,69
rumored,-0.059667524,0.2919066,20
went,1.4671572,-0.045185383,23
folk,1.7170331,-0.102928475,37
learn,1.3779168,-0.07300433,22
security,1.087208,-0.17044155,28
work,3.405039,-0.07858404,83
development,0.7780428,0.061667297,20
developer,2.62218,-0.020051144,63
winning,2.1395135,-0.18026447,61
picture,1.0907756,-0.26889184,27
spent,0.89888126,-0.006445579,17
used,2.4111626,-0.009674065,42
couple,0.3014928,0.005266298,11
city,1.8862244,-0.18240647,27
block,2.303823,-1.000988,69
behind,1.9125748,-0.029899096,29
email,0.957585,0.020249452,15
give,3.066646,-0.16557851,68
song,1.9714514,-0.08107081,32
million,1.6268021,0.30523014,43
available,2.1338356,-0.090164945,66
please,2.45826,-0.054404177,76
le,0.8454948,-0.066821784,21
announce,0.3712347,0.14924689,11
detail,2.4214482,-0.18658192,70
giveaway,1.7448798,-0.080758005,38
wild,0.6361366,-0.01986202,12
queue,0.92741054,-0.374591,30
course,0.5211395,-0.03438717,22
keynote,1.3120444,0.104634374,27
credit,0.779159,-0.038909253,19
click,0.46340385,0.019377561,11
purchase,0.67927,-0.14744313,16
having,0.52744675,0.067763545,17
texas,1.9174063,-0.15997714,45
southwest,0.23778048,0.12918748,19
sweet,1.3355837,-0.1443978,28
ballroom,1.0929216,0.043596927,33
mile,0.8957935,0.10261361,19
driving,0.37548855,0.031793907,11
navigation,1.9374081,0.10755032,51
longer,0.4484364,-0.16318828,14
extra,0.87544453,-0.114539035,14
cross,0.91592443,-0.036590848,13
facebook,3.7880356,1.2901081,98
step,1.1578355,-0.073480465,21
strategy,1.8297404,0.34127578,31
street,3.110981,-0.25594574,61
girl,1.6182758,-0.11585103,22
juice,1.722901,-0.18137917,26
track,2.1280873,-0.3374654,50
busy,0.82659715,-0.13307449,19
week,3.6089497,-0.2624317,104
believe,0.6547639,-0.13391626,19
plan,1.4022263,0.053232744,35
there,2.947797,-0.30841097,77
sixth,0.089784,-0.26707563,14
told,0.5906415,-0.08263479,11
ride,0.8785485,-0.084268965,22
tablet,2.6488314,-0.14145112,61
every,2.9700048,-0.16352862,67
single,0.3085916,-0.06753564,11
response,0.8212838,-0.038768798,12
picked,0.5848904,-0.06744571,21
mophie,0.735623,-0.11110051,17
battery,3.0480943,-0.2975964,64
huge,1.6197883,-0.12056696,34
took,1.2519578,-0.23150274,23
trade,1.7829442,-0.121757776,32
rumor,2.8521214,-0.43691382,131
preview,1.0540257,1.0198835,41
biggest,0.61156756,-0.015811654,15
history,0.57824594,0.0055594174,12
gift,0.4764926,-0.08314395,11
retail,1.0930948,-0.38405496,27
release,2.1242387,-0.34955588,52
sound,1.260213,0.2532813,28
made,3.168297,-0.21552674,68
question,2.1312058,0.05265881,35
inside,0.6277538,0.020097045,14
fire,0.7154391,-0.030951941,14
issue,1.5605593,-0.028293507,23
catch,1.3905134,-0.08185259,24
missed,0.79841745,0.040015697,19
lady,0.84985805,-0.07900252,16
holding,1.2550951,-0.10726807,18
beer,0.72725767,-0.0038681608,14
back,3.9386399,-0.16801076,85
wish,1.6825006,-0.077157326,39
stupid,0.896227,0.1050676,20
america,1.8703954,0.10703473,29
sign,1.897634,-0.13903259,38
brilliant,1.598854,-0.38711062,35
presentation,1.8899156,0.15250842,54
sitting,0.998596,-0.048696633,25
lounge,1.379685,-0.18442933,29
others,1.7727501,-0.29684427,70
came,0.8899144,-0.11500942,15
playing,1.9927298,-0.1242836,40
random,0.90362865,-0.10218973,14
genius,1.4981297,-0.2204477,31
salon,0.56325024,-0.038131926,14
chrome,0.8954136,-0.023409583,16
announces,0.5192161,-0.017713472,15
solution,0.49627972,0.046582166,12
announcing,0.32133904,0.19731343,12
joke,0.41290265,0.008694126,13
camera,2.571819,-0.12737057,40
anything,1.2885599,-0.027400725,26
found,1.8828408,-0.28676456,40
live,2.5426495,-0.09168736,76
rsvp,0.36827826,-0.08064488,11
screen,3.1632707,-0.18147041,46
missing,0.4831941,-0.0051048263,13
nut,-0.16881214,-0.02124667,11
packed,1.348229,-0.06589317,28
built,1.9333863,-0.16379382,35
temp,1.8825006,-1.5116622,78
something,2.541494,0.0828643,46
near,0.8422907,-0.18859619,20
keep,3.2291324,-0.10125656,68
surprise,0.7658126,-0.20167856,20
technews,-0.14078122,-0.040972605,15
head,1.869181,-0.27944067,53
set,1.243542,-0.8456812,35
example,1.312082,-0.07040124,21
pretty,1.707254,0.01727623,36
save,1.05405,-0.27522603,29
true,1.520016,-0.11417644,39
special,1.0361279,-0.27,27
makeshift,0.08854468,-0.23028322,11
shit,0.6389412,-0.04260685,13
control,1.6057304,-0.0019467901,23
go,0.7697454,-0.20997569,22
view,2.2420492,0.11249513,48
close,0.37921983,-0.22407667,16
software,0.6036881,-0.032919884,12
working,2.203635,0.056878533,51
data,3.6837523,0.018685123,55
verizon,1.7613813,-0.04438633,26
customer,1.4277282,-0.15593491,25
outside,1.2535506,-0.61564326,42
much,3.7351458,-0.15406106,68
arrived,0.19957086,-0.09181838,14
client,0.64020646,-0.037091695,13
spend,0.54093975,-0.04133602,11
setting,1.0283773,-0.5006507,33
computer,0.6813836,0.10034793,22
hate,0.64298695,-0.024484457,12
hilton,1.4371632,-0.08997643,33
room,2.8682644,-0.047228884,58
technology,2.8521607,-0.6334573,92
square,0.62153476,-0.12820357,14
test,1.3359858,-0.08378324,30
potential,0.59468627,-0.07947361,11
product,4.858223,1.4651095,167
shop,3.647245,-2.312039,145
core,1.5338479,-1.1684703,48
action,2.2437515,-0.90365994,67
better,2.7451491,-0.0833831,70
even,3.8266218,-0.75682056,108
job,1.0701041,-0.051224682,16
doodle,2.157805,0.21007876,35
googledoodle,0.66710323,-0.017104099,12
crowd,2.108439,-0.09192656,46
crazy,1.0292466,-0.19913374,30
deal,1.8282908,0.06288533,30
woman,0.91096574,-0.02582316,20
macbook,1.8859742,-0.2210795,30
everywhere,1.1137108,-0.007034276,33
attendee,2.049981,-0.29652613,47
code,3.7102041,0.029177578,85
reader,1.2705348,-0.027012227,16
image,1.1799568,-0.015562497,15
badge,1.1779103,-0.09174551,24
march,1.8390796,-0.054652534,35
spotted,0.15643603,0.031797178,11
yelp,0.9616972,0.13627936,16
lego,1.2012825,0.0861665,15
might,2.159116,0.1758798,55
standing,0.95712787,-0.29982632,25
early,1.1237621,-0.19695528,24
result,1.3381833,0.11516043,28
learned,0.42687756,0.036786284,11
interrupt,0.8521845,0.15463208,26
regularly,0.91436464,0.35054693,26
scheduled,1.2956562,0.4958678,29
geek,3.79372,0.62712556,83
programming,0.6388793,0.84651154,26
watch,1.3491638,0.13800918,39
yeah,0.35501093,0.06260753,15
celebrate,0.6524379,-0.120661676,12
html,2.1055434,-0.061852705,34
microsoft,2.0842288,-0.11129183,35
enough,0.9435345,-0.05885723,20
nexus,0.6086226,-0.047242757,12
seems,1.8255478,-0.17007871,35
gave,1.9680364,-0.4017177,49
money,1.711298,-0.3087968,49
relief,1.9119996,0.09344712,59
networking,0.052567594,0.29428884,14
improve,0.60273415,0.02547343,16
meetup,1.822831,-0.09829402,35
beyond,1.0365939,0.033199295,21
sharing,1.2606137,0.19808674,24
mistake,0.71921116,-0.021552512,22
bringing,1.0690037,-0.107741274,18
bing,3.9392242,0.8720246,115
shot,1.2239517,-0.037968956,24
success,1.0528972,0.06825442,19
qagb,1.5851657,0.34729254,50
dashboard,0.17922771,0.04324522,12
hoot,0.257428,0.01964109,13
buying,1.2542347,-0.20292066,23
present,0.9724252,0.05676836,19
app,0.49911842,0.030083504,20
saturday,0.4005858,-0.05952941,11
giant,0.7810991,-0.082929045,16
lose,0.5349291,-0.009990004,13
living,1.2411872,0.63561803,28
meeting,0.95758873,-0.12009997,22
hello,0.74507624,-0.078065604,19
dont,0.61776465,0.1389349,14
miss,0.57400304,0.005894788,23
booth,3.6607444,-0.22872815,103
exhibit,0.5186546,-0.012224899,20
hall,0.8258579,-0.11382932,23
session,4.115486,0.2476046,125
daily,2.3791766,-0.25182027,39
hacker,0.67281103,0.05325439,17
plenty,1.666259,0.7330407,42
across,0.7488141,0.015572284,19
hear,1.7364177,0.02463691,39
min,0.60179025,-0.09767609,13
designing,3.134005,-0.12786146,85
interface,2.5451143,-0.045400005,59
schema,0.98319304,-0.0040702256,28
guess,0.8666742,-0.058706168,24
leaving,0.45231834,0.027223365,15
among,0.46481013,0.069837905,16
instead,2.1883366,-0.098246224,39
crew,0.5007996,-0.22637808,14
article,0.8575166,0.018988995,18
send,0.97164094,-0.038341213,21
hold,0.94240665,-0.026145587,15
secret,0.62253004,0.42988598,18
attend,1.0946358,0.23937126,23
later,0.6249381,0.48815733,21
excellent,0.10845488,-0.006307086,11
lucky,0.2803387,0.01089672,13
building,1.9077487,-0.13325645,51
netflix,0.72066224,0.011370537,22
league,0.9236364,0.09476663,22
extraordinary,1.0660068,0.029048456,22
tapworthy,2.128268,-0.07287721,54
hiring,0.2417812,0.05214525,11
taking,2.7755966,-0.1622419,51
lot,1.5855129,0.104937784,34
call,2.5521085,-0.0020377662,42
cnn,0.04304517,0.071138665,12
offer,1.3355801,0.15145531,34
forget,1.4917009,-0.10124881,31
startup,2.4086053,-0.025154015,43
button,1.1053655,-0.05180414,17
sampler,1.4269875,-0.35982344,53
killer,1.054149,0.26170534,28
bigger,0.77197397,-0.027176065,19
sorry,0.40271145,-0.018422391,11
guy,2.0581348,0.02906876,45
hashable,0.33691496,0.011656372,13
anywhere,1.0483578,-0.15042125,19
groundlink,0.5606758,-0.07804095,16
dwnld,0.32779542,-0.074119,11
before,0.9925918,-0.5350895,42
begin,1.9791812,-0.68204135,58
past,0.94959116,-0.044199854,18
techcrunch,0.2125263,-0.07688805,13
gonna,1.3061901,-0.21797253,28
charging,1.0891942,-0.14253247,20
everyone,3.4329262,-0.35180444,89
making,2.541537,-0.15994892,50
brand,2.5660853,-0.10196587,35
disc,0.8193534,0.04425856,14
most,0.32952055,-0.037414216,12
popular,0.8922576,-0.0049944203,12
speakeasy,0.48064148,0.0036138585,13
coverage,0.78942335,-0.042969376,13
stream,1.0249118,-0.16550954,27
spot,0.9419103,-0.09145401,24
hotpot,2.8159463,0.56855917,62
follower,0.5678433,0.02075337,12
socialmedia,0.9091433,0.5394764,33
list,1.6022761,-0.051453494,26
suggestion,0.28128928,-0.032645598,13
friday,1.4168663,-0.5062476,35
saving,2.1491077,0.19170937,47
explorer,0.46045715,-0.049358696,15
public,0.6416785,0.039894,14
note,2.17483,-0.12469411,33
front,2.117925,-0.48390895,47
since,1.4205062,-0.2466478,29
apparently,0.8640348,-0.036667913,25
becoming,0.6906469,-0.032490734,12
artist,2.0446332,-0.153739,46
torrent,0.5335643,-0.0527034,11
contextual,1.6021091,0.27868074,30
valuable,0.5844185,0.015651653,13
touch,1.1262954,0.0108119035,18
employee,0.8236205,-0.33334342,20
prize,1.0936592,-0.12548544,19
gearing,0.14898416,0.02238988,13
create,1.1695148,-0.07587096,19
maggie,0.9131549,0.078986354,25
word,0.71047556,0.025003662,19
full,2.1205714,-0.20685896,40
tell,2.1201572,-0.028844893,45
kindle,0.9344562,0.014270836,13
source,1.0221068,-0.10910614,21
window,1.4903288,-0.19094625,28
score,0.327978,-0.089627124,12
survival,0.40342012,-0.05050199,11
ipod,1.3989493,0.016759826,25
device,2.8794343,-0.013512981,58
when,0.6754819,0.06593966,20
feature,2.253615,0.19779162,42
let,0.3971153,-0.02796878,11
text,1.2233784,0.057051986,22
updated,0.815456,0.23327628,30
happen,0.3150907,0.06218777,11
never,1.9849716,-0.06659193,35
super,1.2255093,0.096772894,21
privacy,1.2081829,0.23622568,24
consumer,1.1667306,0.0992283,16
without,1.6659867,-0.041734423,41
ranking,2.652298,0.48309097,57
saying,0.57761663,-0.04820751,16
direction,0.9265383,-0.051009297,15
walked,0.82584196,-0.12214832,15
connected,0.41344255,-0.044297528,14
latest,0.51179916,0.1361755,20
page,2.0170991,0.017958919,32
tattoo,0.72357017,-0.0872242,21
bring,1.8880303,-0.059565794,39
about,1.2503047,-0.08031532,24
magazine,0.8475388,0.03386768,26
half,0.6255753,-0.06840298,13
dude,1.9249995,-0.26184672,37
recommendation,1.0251112,0.14074989,24
nothing,1.1066478,-0.14488545,28
officially,0.46498108,0.0416655,13
invite,0.6065319,0.07442666,13
gone,0.592613,0.018233899,12
soon,1.5771685,0.38219336,33
story,2.2203019,-0.027029926,37
logo,0.5641207,-0.059711337,12
little,1.160254,-0.20339218,23
charge,1.5791132,-0.12489013,26
donating,0.71322554,0.0028385515,12
spending,0.5337555,-0.09127253,13
released,0.8519863,0.13066001,21
hmmm,0.097761184,0.1454893,12
glad,0.57758874,-0.04269566,15
feeling,0.45771137,-0.058845025,12
totally,0.6514299,-0.011110799,16
light,1.0467122,-0.03866627,16
showing,1.5176063,0.38165554,40
moment,0.6642243,-0.032342263,14
small,0.93146694,0.0035790566,16
startupbus,0.6542386,0.023843179,16
door,0.15283893,-0.103518926,16
interview,1.4093857,0.031271882,28
disaster,0.8534967,0.023689702,13
staring,0.018664524,-0.08461924,12
able,1.3724962,0.066850066,36
afford,0.47353044,0.13584061,16
consider,0.8041228,0.2849512,19
therapy,0.83442587,-0.08650522,16
route,1.7212178,0.12651029,41
choice,1.592395,-0.14955133,30
trend,0.26222453,0.076012544,11
interested,0.4089627,0.18380123,15
feel,1.8331666,-0.18899742,40
hanging,0.24973133,0.021915821,13
community,0.6230808,0.05102192,11
forgot,0.40479997,-0.05612436,11
fight,1.4331445,-0.0626523,20
owner,1.2132065,-0.14332865,19
cloud,1.2328866,-0.06422986,21
friendly,0.7617486,-0.019656692,14
podcast,0.9010991,0.047067624,16
walking,1.2192475,-0.28627315,32
almost,1.1904203,-0.12860332,24
always,1.9476002,-0.04930414,25
usguys,0.3015795,0.08244592,12
jealous,0.7209812,-0.16045138,22
posterous,0.376166,0.046047002,13
explanation,0.4884109,-0.10531811,11
coffee,0.5676455,-0.12280578,17
should,0.473008,0.0039214226,13
care,0.9544386,-0.08003397,14
peep,0.9222615,0.028982617,20
though,0.49843875,0.11050426,14
analytics,2.041592,0.17494681,32
googlecircles,0.12838355,0.26339453,11
dancing,0.3337026,0.15809771,13
augmented,1.0465602,0.09048946,16
reality,1.1578679,0.016808232,19
browser,1.3735611,-0.02735255,19
lightbox,0.1144651,-0.09047562,13
announced,0.74057806,0.12477864,16
expected,0.55721045,0.005369348,12
signal,0.3527244,0.11837447,11
listen,0.42898688,-0.026764872,11
helping,0.26504052,-0.005375862,11
valid,2.3439598,0.03811617,48
infektd,1.9924917,0.04026641,48
necro,0.07369703,0.039229177,13
concert,0.8166538,0.029973676,14
hard,1.1708883,-0.11229,22
announcement,0.6416779,0.057450034,11
whole,0.71084076,-0.15933698,16
reason,0.40986675,-0.019888785,15
finding,0.57323635,-0.06706032,14
information,1.3995467,0.13191205,25
well,2.9488103,-0.3393727,70
loving,0.3760073,0.028973583,15
move,0.79034513,-0.28443784,27
where,0.61966926,-0.17236315,18
player,1.0916831,0.017773092,17
newsapps,1.4274094,-0.05267459,31
doc,0.74663883,0.046236366,12
table,0.8095589,-0.030296504,15
three,0.43851173,-0.08746512,13
usage,1.1660607,0.44174406,38
zomb,0.05079698,0.024904357,11
official,1.158931,-0.05196308,30
paper,0.2768912,0.03745329,11
different,1.1507108,0.03972788,17
themed,0.46436813,0.3099355,12
costume,0.344997,0.17624897,11
impressive,0.2467431,-0.10266496,11
finally,0.7234776,-0.019453604,22
high,1.4995775,-0.12345643,18
founder,0.81691504,0.009022465,15
market,2.1489296,-0.117987044,34
accessibility,0.71658796,-0.02098233,12
circus,-0.10098769,0.11595889,11
grape,0.47899702,-0.02850005,11
congrats,1.22041,-0.11535298,26
andoid,0.10833584,-0.07830759,11
from,1.7811692,0.062726945,34
important,1.2927405,0.12414456,25
japanese,0.8364068,0.047512535,14
quake,0.52913207,0.013382338,14
unofficial,0.74209845,-0.025976563,13
expect,0.46023026,0.013008167,14
exclusive,0.42562568,0.045147456,15
floor,1.0699909,-0.07457067,18
sxflip,0.37148917,0.076923475,15
tried,0.6083434,-0.03330817,15
brought,0.67896056,-0.03044961,14
including,1.5992924,0.037610065,30
drop,0.875782,0.0027641382,13
downloading,0.531831,-0.033433482,11
favorite,0.8913033,-0.012476848,19
indie,0.47234464,0.049523387,12
survive,0.4512272,0.08306676,15
custom,0.0987271,-0.06281415,11
feed,0.3099491,-0.07596656,11
beard,0.35912642,-0.04209099,11
order,0.54167694,-0.010842853,12
enter,1.064942,-0.071574345,27
insight,0.7853247,0.0021403434,13
zlf,0.14121829,0.032708347,15
pack,1.5059332,-0.13349962,25
original,1.0984241,-0.010451016,15
welcome,0.8235979,-0.025033196,14
keyboard,1.2540408,-0.07046275,12
drive,1.2149403,-0.03002291,20
said,1.1965598,-0.060382664,34
steve,1.1071663,-0.06610557,14
smackdown,0.17456265,0.04098475,11
robot,0.83024454,-0.028400615,12
title,0.7771278,-0.02566891,13
latitude,0.4080426,0.11604269,12
competitor,0.47606584,0.10783178,11
asked,0.9286148,0.010887325,19
mike,0.9730675,-0.010414623,20
water,0.63084155,-0.15208034,12
your,1.6343256,-0.16536659,48
boomer,1.3011749,-0.090993725,31
classiest,0.20757112,-0.0051286593,11
fascist,0.8275552,0.0012978392,16
worry,0.49256763,-0.07075713,12
kick,0.06709546,0.010807347,13
envy,0.5581165,-0.036090657,13
challenge,0.8224851,-0.009840222,18
killing,0.586948,-0.03975819,18
lonely,0.15282938,-0.17721668,17
planet,0.18847328,-0.19132277,15
kind,0.9202708,0.051824827,16
dear,0.52594453,-0.05418881,15
pearl,0.5179062,0.0026849532,15
happens,1.009167,0.013460094,13
leanstartup,0.40688437,0.02572068,11
confirmed,0.09457175,-0.20452876,18
novelty,0.026293239,0.04196772,11
fade,0.3856179,0.03244941,12
reading,1.3124379,-0.08980972,19
hosted,0.23670371,0.032391824,12
advice,0.017433923,0.14678907,11
featured,1.6188704,-0.24918376,40
ton,0.46712884,-0.02639652,11
useful,1.2216712,0.009348796,20
blue,1.4827552,-0.04747888,16
double,1.0001738,-0.049187683,15
signing,0.53469974,0.031189535,12
visit,1.1112996,-0.16735525,26
art,0.3520971,-0.08405745,13
thinking,0.7869768,-0.16249885,16
handle,0.5606152,-0.14837134,12
watching,0.83584654,0.030136092,24
checking,1.1253166,-0.22594416,36
kill,0.63637155,0.048562117,12
wearing,0.7856968,-0.0073455432,12
smartphone,0.46473798,-0.08909033,12
discovr,0.6962465,-0.03151692,13
chris,0.82711804,0.02501035,15
swarm,0.57952946,0.0070463507,15
crowley,0.6794256,0.030522753,17
ireport,0.14150546,0.052152526,11
taco,0.8257881,-0.096106224,11
youtube,0.6056238,-0.07978854,12
personalized,0.8563886,0.11479838,14
heart,1.1158015,-0.03156158,16
kinda,0.31111056,-0.054412812,11
contest,0.37004885,-0.018088516,13
appears,0.4064104,-0.013092674,14
marissagoogle,0.69324064,0.144008,28
style,0.7001787,-0.014029291,12
online,0.91876924,0.002738843,20
baby,0.35335812,-0.09597782,12
bank,0.82223326,-0.058051664,14
recap,0.7932285,-0.038325172,13
project,1.4006087,0.08589728,27
guard,0.13185711,-0.14376837,13
possible,0.24052742,0.14615338,12
trip,1.5033156,-0.06386202,19
lustre,0.2590256,-0.04222656,13
rumour,0.12007648,0.40051627,11
native,0.8919955,0.01357831,12
heat,0.9822614,-0.0026868775,18
side,0.5712475,-0.078057975,12
driver,0.4521515,-0.025485422,11
scene,0.3304497,-0.13598661,11
yourmom,0.08552603,-0.03928365,13
us,0.96691626,-0.0018231318,15
texting,0.738152,0.13984671,13
voice,0.82593703,-0.007148447,11
adoption,0.9427853,-0.08213119,12
conversation,0.88764834,-0.041950252,14
roll,0.60089165,-0.0016774099,11
john,0.68779564,-0.018049892,12
entry,0.6020163,-0.07546377,13
photography,0.2210663,0.016685054,11
streaming,0.28229088,0.00040302385,14
tyson,0.91834927,-0.02047266,20
bavcid,0.41507027,0.001914181,13
josh,0.5725742,0.0046181884,13
pass,0.5036616,0.034022313,13
hearing,0.23430017,0.10666512,11
sticker,0.319116,-0.069679305,11
